candidate,role,status,source_type,fdc_id,usda_description,preparation_state,proposed_diet_tags,kcal_per_100g,protein_g_per_100g,carbs_g_per_100g,fat_g_per_100g,fiber_g_per_100g,usable_measures,match_score,review_note
"Chicken breast, raw",protein,proposed,foundation,2646170,"Chicken, breast, boneless, skinless, raw",raw,meat,106.03,22.52,0.00,1.93,,,6.01,"Pending user review; tags are curation proposals, not an allergen classifier."
"Chicken breast, roasted",protein,proposed,sr_legacy,171075,"Chicken, broilers or fryers, breast, meat and skin, cooked, roasted",cooked,meat,197.00,29.80,0.00,7.78,0.00,"1 undetermined cup, chopped or diced (140 g); 1 undetermined unit (yield from 1 lb ready-to-cook chicken) (58 g); 0.5 undetermined breast, bone removed (98 g)",6.00,"Pending user review; tags are curation proposals, not an allergen classifier."
"Chicken thigh, raw",protein,proposed,foundation,2646171,"Chicken, thigh, boneless, skinless, raw",raw,meat,144.07,18.61,0.00,7.92,,,6.01,"Pending user review; tags are curation proposals, not an allergen classifier."
"Chicken thigh, roasted",protein,proposed,sr_legacy,172388,"Chicken, broilers or fryers, thigh, meat only, cooked, roasted",cooked,meat,179.00,24.76,0.00,8.15,0.00,3 undetermined oz (85 g); 1 undetermined thigh without skin (116 g); 1 undetermined thigh with skin (137 g),6.00,"Pending user review; tags are curation proposals, not an allergen classifier."
"Turkey breast, raw",protein,proposed,sr_legacy,171093,"Turkey, all classes, breast, meat and skin, raw",raw,meat,157.00,21.89,0.00,7.02,0.00,"1 undetermined unit (yield from 1 lb ready-to-cook turkey) (146 g); 0.5 undetermined breast, bone removed (1132 g)",6.00,"Pending user review; tags are curation proposals, not an allergen classifier."
"Turkey breast, roasted",protein,proposed,sr_legacy,171492,"Turkey, all classes, breast, meat and skin, cooked, roasted",cooked,meat,189.00,28.71,0.00,7.41,0.00,"3 undetermined oz (85 g); 0.5 undetermined unit (yield from 1 lb ready-to-cook turkey) (112 g); 0 undetermined breast, bone removed (864 g)",6.00,"Pending user review; tags are curation proposals, not an allergen classifier."
"Ground turkey, cooked",protein,proposed,sr_legacy,171506,"Turkey, Ground, cooked",cooked,meat,203.00,27.37,0.00,10.40,0.00,"3 undetermined oz (85 g); 1 undetermined patty (4 oz, raw) (yield after cooking) (82 g); 1 undetermined unit, yield from 1 lb raw (330 g)",2.50,"Pending user review; tags are curation proposals, not an allergen classifier."
"Beef top sirloin, raw",protein,proposed,foundation,2727574,"Beef, top sirloin steak, raw",raw,meat,140.14,21.98,0.22,5.71,,,7.01,"Pending user review; tags are curation proposals, not an allergen classifier."
"Beef top sirloin, grilled",protein,proposed,sr_legacy,172170,"Beef, loin, top sirloin cap steak, boneless, separable lean only, trimmed to 1/8"" fat, all grades, cooked, grilled",cooked,meat,181.00,28.26,0.73,7.23,0.00,3 undetermined oz (85 g); 1 undetermined steak (161 g),7.00,"Pending user review; tags are curation proposals, not an allergen classifier."
"Ground beef, 90% lean, raw",protein,proposed,foundation,2514743,"Beef, ground, 90% lean meat / 10% fat, raw",raw,meat,184.86,18.16,0.00,12.85,,,6.01,"Pending user review; tags are curation proposals, not an allergen classifier."
"Ground beef, 90% lean, cooked",protein,proposed,sr_legacy,171793,"Beef, ground, 90% lean meat / 10% fat, patty, cooked, pan-broiled",cooked,meat,204.00,25.21,0.00,10.68,0.00,3 undetermined oz (85 g),4.50,"Pending user review; tags are curation proposals, not an allergen classifier."
"Pork tenderloin, raw",protein,proposed,foundation,2646169,"Pork, loin, tenderloin, boneless, raw",raw,meat,119.04,21.58,0.00,3.90,,,6.01,"Pending user review; tags are curation proposals, not an allergen classifier."
"Pork tenderloin, roasted",protein,proposed,sr_legacy,167905,"Pork, fresh, loin, tenderloin, separable lean and fat, cooked, roasted",cooked,meat,147.00,26.04,0.00,3.96,0.00,3 undetermined oz (85 g); 1 undetermined roast (402 g),6.00,"Pending user review; tags are curation proposals, not an allergen classifier."
"Pork loin chop, raw",protein,proposed,sr_legacy,167822,"Pork, fresh, loin, blade (chops or roasts), bone-in, separable lean and fat, raw",raw,meat,194.00,19.56,0.00,12.27,0.00,4 undetermined oz (113 g); 1 undetermined chop (263 g),7.00,"Pending user review; tags are curation proposals, not an allergen classifier."
"Pork loin chop, cooked",protein,proposed,sr_legacy,167823,"Pork, fresh, loin, blade (chops), bone-in, separable lean and fat, cooked, braised",cooked,meat,255.00,26.54,0.00,15.71,0.00,3 undetermined oz (85 g); 1 undetermined chop (206 g),5.50,"Pending user review; tags are curation proposals, not an allergen classifier."
"Salmon, Atlantic, raw",protein,proposed,foundation,2684441,"Fish, salmon, Atlantic, farm raised, raw",raw,fish,197.29,20.32,0.00,13.11,,,4.01,"Pending user review; tags are curation proposals, not an allergen classifier."
"Salmon, Atlantic, cooked",protein,proposed,sr_legacy,171998,"Fish, salmon, Atlantic, wild, cooked, dry heat",cooked,fish,182.00,25.44,0.00,8.13,0.00,3 undetermined oz (85 g); 0.5 undetermined fillet (154 g),2.50,"Pending user review; tags are curation proposals, not an allergen classifier."
"Tuna, light, canned in water",protein,proposed,foundation,334194,"Fish, tuna, light, canned in water, drained solids",other,fish,90.00,19.00,0.08,0.94,,1.0 can drained solids (107 g); 1.0 can total can contents (142 g),,"Manually selected from the downloaded description. Pending user review; tags are curation proposals, not an allergen classifier."
"Cod, raw",protein,proposed,foundation,2684444,"Fish, cod, Atlantic, wild caught, raw",raw,fish,65.99,16.07,0.00,0.67,,,3.01,"Pending user review; tags are curation proposals, not an allergen classifier."
"Cod, baked",protein,proposed,sr_legacy,171956,"Fish, cod, Atlantic, cooked, dry heat",cooked,fish,105.00,22.83,0.00,0.86,0.00,3 undetermined oz (85 g); 1 undetermined fillet (180 g),,"Manually selected from the downloaded description. Pending user review; tags are curation proposals, not an allergen classifier."
"Shrimp, raw",protein,proposed,foundation,2684443,"Crustaceans, shrimp, farm raised, raw",raw,shellfish,71.43,15.57,0.48,0.80,,,3.01,"Pending user review; tags are curation proposals, not an allergen classifier."
"Shrimp, cooked",protein,proposed,sr_legacy,171971,"Crustaceans, shrimp, mixed species, cooked, moist heat (may contain additives to retain moisture)",cooked,shellfish,119.00,22.78,1.52,1.70,0.00,3 undetermined oz (85 g); 4 undetermined large (22 g),1.50,"Pending user review; tags are curation proposals, not an allergen classifier."
"Egg, whole, raw",protein,proposed,sr_legacy,171287,"Egg, whole, raw, fresh",raw,egg,143.00,12.56,0.72,9.51,0.00,1 undetermined large (50 g); 1 undetermined extra large (56 g); 1 undetermined jumbo (63 g); 1 undetermined cup (4.86 large eggs) (243 g); 1 undetermined medium (44 g),,"Manually selected from the downloaded description. Pending user review; tags are curation proposals, not an allergen classifier."
"Egg, whole, hard-boiled",protein,proposed,sr_legacy,173424,"Egg, whole, cooked, hard-boiled",cooked,egg,155.00,12.58,1.12,10.61,0.00,"1 undetermined cup, chopped (136 g); 1 undetermined tbsp (8.5 g); 1 undetermined large (50 g)",8.00,"Pending user review; tags are curation proposals, not an allergen classifier."
"Egg white, raw",protein,proposed,sr_legacy,172183,"Egg, white, raw, fresh",raw,egg,52.00,10.90,0.73,0.17,0.00,1 undetermined large (33 g); 1 undetermined cup (243 g),,"Manually selected from the downloaded description. Pending user review; tags are curation proposals, not an allergen classifier."
"Greek yogurt, plain, nonfat",protein,proposed,foundation,330137,"Yogurt, Greek, plain, nonfat",other,dairy,61.00,10.30,3.64,0.37,,1.0 container (156 g),3.01,"Pending user review; tags are curation proposals, not an allergen classifier."
"Cottage cheese, low-fat",protein,proposed,sr_legacy,172182,"Cheese, cottage, lowfat, 2% milkfat",other,dairy,81.00,10.45,4.76,2.27,0.00,4 undetermined oz (113 g); 1 undetermined cup (not packed) (226 g),,"Manually selected from the downloaded description. Pending user review; tags are curation proposals, not an allergen classifier."
"Tofu, firm",protein,proposed,sr_legacy,172448,"Tofu, firm, prepared with calcium sulfate and magnesium chloride (nigari)",other,soy,78.00,9.04,2.85,4.17,0.90,0.5 undetermined cup (126 g); 0.25 undetermined block (81 g); 0.2 undetermined block (91 g),4.00,"Pending user review; tags are curation proposals, not an allergen classifier."
Tempeh,protein,proposed,sr_legacy,172467,"Tempeh, cooked",other,soy,195.00,19.91,7.62,11.38,,,3.00,"Pending user review; tags are curation proposals, not an allergen classifier."
"Lentils, cooked",protein,proposed,sr_legacy,172421,"Lentils, mature seeds, cooked, boiled, without salt",cooked,,116.00,9.02,20.13,0.38,7.90,1 undetermined cup (198 g); 1 undetermined tbsp (12.3 g),,"Manually selected from the downloaded description. Pending user review; tags are curation proposals, not an allergen classifier."
"Oats, dry",carb,proposed,sr_legacy,171661,"Cereals, oats, instant, fortified, plain, dry",other,,362.00,11.92,69.52,6.90,10.00,1 undetermined packet (28 g),3.00,"Pending user review; tags are curation proposals, not an allergen classifier."
"Oatmeal, cooked",carb,proposed,sr_legacy,171675,"Cereals, oats, regular and quick and instant, unenriched, cooked with water (includes boiling and microwaving), with salt",cooked,,71.00,2.54,12.00,1.52,1.70,1 undetermined cup (234 g); 0.75 undetermined cup (175 g),,"Manually selected from the downloaded description. Pending user review; tags are curation proposals, not an allergen classifier."
"Rice, white, long-grain, dry",carb,proposed,sr_legacy,169707,"Rice, white, long-grain, parboiled, enriched, dry",other,,374.00,7.51,80.89,1.03,1.80,1 undetermined cup (185 g),8.00,"Pending user review; tags are curation proposals, not an allergen classifier."
"Rice, white, long-grain, cooked",carb,proposed,sr_legacy,168878,"Rice, white, long-grain, regular, enriched, cooked",cooked,,130.00,2.69,28.17,0.28,0.40,1 undetermined cup (158 g),6.50,"Pending user review; tags are curation proposals, not an allergen classifier."
"Rice, brown, long-grain, dry",carb,proposed,sr_legacy,169703,"Rice, brown, long-grain, raw (Includes foods for USDA's Food Distribution Program)",other,,367.00,7.54,76.25,3.20,3.60,1 undetermined cup (185 g),,"Manually selected from the downloaded description. Pending user review; tags are curation proposals, not an allergen classifier."
"Rice, brown, long-grain, cooked",carb,proposed,sr_legacy,169704,"Rice, brown, long-grain, cooked (Includes foods for USDA's Food Distribution Program)",cooked,,123.00,2.74,25.58,0.97,1.60,1 undetermined cup (202 g),6.50,"Pending user review; tags are curation proposals, not an allergen classifier."
"Quinoa, dry",carb,proposed,sr_legacy,168874,"Quinoa, uncooked",other,,368.00,14.12,64.16,6.07,7.00,1 undetermined cup (170 g),,"Manually selected from the downloaded description. Pending user review; tags are curation proposals, not an allergen classifier."
"Quinoa, cooked",carb,proposed,sr_legacy,168917,"Quinoa, cooked",cooked,,120.00,4.40,21.30,1.92,2.80,1 undetermined cup (185 g),3.50,"Pending user review; tags are curation proposals, not an allergen classifier."
"Pasta, enriched, dry",carb,proposed,sr_legacy,169736,"Pasta, dry, enriched",other,gluten,371.00,13.04,74.67,1.51,3.20,1 undetermined cup spaghetti (91 g); 2 undetermined oz (57 g); 1 undetermined cup elbows (122 g); 1 undetermined cup penne (95 g); 1 undetermined cup farfalle (81 g),6.00,"Pending user review; tags are curation proposals, not an allergen classifier."
"Pasta, enriched, cooked",carb,proposed,sr_legacy,169737,"Pasta, cooked, enriched, without added salt",cooked,gluten,158.00,5.80,30.86,0.93,1.80,1 undetermined cup spaghetti not packed (124 g); 1 undetermined cup spaghetti packed (151 g); 1 undetermined cup elbows not packed (120 g); 1 undetermined cup elbows packed (132 g); 1 undetermined cup penne (107 g),4.50,"Pending user review; tags are curation proposals, not an allergen classifier."
"Spaghetti, whole-wheat, dry",carb,skip,,,,,,,,,,,,,No sufficiently specific match found in the permitted releases.
"Spaghetti, whole-wheat, cooked",carb,skip,,,,,,,,,,,,,No sufficiently specific match found in the permitted releases.
"Couscous, dry",carb,proposed,sr_legacy,169699,"Couscous, dry",other,gluten,376.00,12.76,77.43,0.64,5.00,1 undetermined cup (173 g),,"Manually selected from the downloaded description. Pending user review; tags are curation proposals, not an allergen classifier."
"Couscous, cooked",carb,proposed,sr_legacy,169700,"Couscous, cooked",cooked,gluten,112.00,3.79,23.22,0.16,1.40,"1 undetermined cup, cooked (157 g); 1 undetermined cup, dry, yields (528 g); 1 undetermined oz, dry, yields (86 g)",,"Manually selected from the downloaded description. Pending user review; tags are curation proposals, not an allergen classifier."
"Bulgur, dry",carb,proposed,foundation,2710820,"Bulgur, dry, raw",other,gluten,372.34,11.76,75.88,2.42,11.72,,5.01,"Pending user review; tags are curation proposals, not an allergen classifier."
"Bulgur, cooked",carb,proposed,sr_legacy,170287,"Bulgur, cooked",cooked,gluten,83.00,3.08,18.58,0.24,4.50,1 undetermined cup (182 g); 1 undetermined tbsp (8.4 g),3.50,"Pending user review; tags are curation proposals, not an allergen classifier."
"Barley, pearled, dry",carb,proposed,sr_legacy,170284,"Barley, pearled, raw",other,gluten,352.00,9.91,77.72,1.16,15.60,1 undetermined cup (200 g),,"Manually selected from the downloaded description. Pending user review; tags are curation proposals, not an allergen classifier."
"Barley, pearled, cooked",carb,proposed,sr_legacy,170285,"Barley, pearled, cooked",cooked,gluten,123.00,2.26,28.22,0.44,3.80,1 undetermined cup (157 g),4.50,"Pending user review; tags are curation proposals, not an allergen classifier."
"Bread, whole-wheat",carb,proposed,sr_legacy,172688,"Bread, whole-wheat, commercially prepared",other,gluten,252.00,12.45,42.71,3.50,6.00,1 undetermined slice (32 g); 1 undetermined oz (28.35 g),5.00,"Pending user review; tags are curation proposals, not an allergen classifier."
"Bread, white",carb,proposed,sr_legacy,167532,"Bread, white wheat",other,gluten,238.00,10.66,43.91,2.15,9.20,1 undetermined slice (28 g),4.00,"Pending user review; tags are curation proposals, not an allergen classifier."
"Pita bread, whole-wheat",carb,proposed,sr_legacy,174916,"Bread, pita, whole-wheat",other,gluten,262.00,9.80,55.89,1.71,6.10,"1 undetermined pita, large (6-1/2"" dia) (64 g); 1 undetermined pita, small  (4"" dia) (28 g)",4.00,"Pending user review; tags are curation proposals, not an allergen classifier."
"Tortilla, corn",carb,proposed,sr_legacy,169829,"Tortilla, blue corn, Sakwavikaviki (Hopi)",other,,276.00,7.83,58.12,1.40,3.40,1 undetermined piece (57 g),4.00,"Pending user review; tags are curation proposals, not an allergen classifier."
"Tortilla, flour",carb,proposed,sr_legacy,167535,"Tortillas, ready-to-bake or -fry, flour, shelf stable",other,gluten,297.00,8.01,49.27,7.58,2.40,1 undetermined tortilla (49 g); 1 undetermined package (484 g),,"Manually selected from the downloaded description. Pending user review; tags are curation proposals, not an allergen classifier."
"Potato, raw",carb,proposed,sr_legacy,170026,"Potatoes, flesh and skin, raw",raw,,77.00,2.05,17.49,0.09,2.10,"0.5 undetermined cup, diced (75 g); 1 undetermined Potato large (3"" to 4-1/4"" dia) (369 g); 1 undetermined Potato medium (2-1/4"" to 3-1/4"" dia) (213 g); 1 undetermined Potato small (1-3/4"" to 2-1/2"" dia) (170 g)",,"Manually selected from the downloaded description. Pending user review; tags are curation proposals, not an allergen classifier."
"Potato, baked",carb,proposed,sr_legacy,170093,"Potatoes, baked, flesh and skin, without salt",cooked,,93.00,2.50,21.15,0.13,2.20,1 undetermined NLEA serving (148 g); 1 undetermined potato large (299 g); 1 undetermined potato medium (173 g); 1 undetermined potato small (138 g),,"Manually selected from the downloaded description. Pending user review; tags are curation proposals, not an allergen classifier."
"Sweet potato, raw",carb,proposed,foundation,2346404,"Sweet potatoes, orange flesh, without skin, raw",raw,,79.00,1.58,17.33,0.38,,,6.01,"Pending user review; tags are curation proposals, not an allergen classifier."
"Sweet potato, baked",carb,proposed,sr_legacy,168483,"Sweet potato, cooked, baked in skin, flesh, without salt",cooked,,90.00,2.01,20.71,0.15,3.30,"1 undetermined cup (200 g); 1 undetermined large (180 g); 1 undetermined medium (2"" dia, 5"" long, raw) (114 g); 1 undetermined small (60 g)",6.00,"Pending user review; tags are curation proposals, not an allergen classifier."
"Corn, sweet, raw",carb,proposed,foundation,2710826,"Corn, sweet, yellow and white kernels,  fresh, raw",raw,,84.55,2.79,14.69,1.63,2.43,,6.01,"Pending user review; tags are curation proposals, not an allergen classifier."
"Corn, sweet, cooked",carb,proposed,sr_legacy,168401,"Corn, sweet, yellow, frozen, kernels on cob, cooked, boiled, drained, without salt",cooked,,94.00,3.11,22.33,0.74,2.80,"1 undetermined cup kernels (165 g); 1 undetermined ear, yields (63 g)",4.50,"Pending user review; tags are curation proposals, not an allergen classifier."
"Black beans, cooked",carb,proposed,sr_legacy,173735,"Beans, black, mature seeds, cooked, boiled, without salt",cooked,,132.00,8.86,23.71,0.54,8.70,1 undetermined cup (172 g),2.50,"Pending user review; tags are curation proposals, not an allergen classifier."
Olive oil,fat,proposed,sr_legacy,171413,"Oil, olive, salad or cooking",other,,884.00,0.00,0.00,100.00,0.00,1 undetermined tablespoon (13.5 g); 1 undetermined cup (216 g); 1 undetermined tsp (4.5 g),,"Manually selected from the downloaded description. Pending user review; tags are curation proposals, not an allergen classifier."
Canola oil,fat,proposed,sr_legacy,172336,"Oil, canola",other,,884.00,0.00,0.00,100.00,0.00,1 undetermined tbsp (14 g); 1 undetermined cup (218 g); 1 undetermined tsp (4.5 g),,"Manually selected from the downloaded description. Pending user review; tags are curation proposals, not an allergen classifier."
Sunflower oil,fat,proposed,sr_legacy,171017,"Oil, sunflower, linoleic (less than 60%)",other,,884.00,0.00,0.00,100.00,0.00,1 undetermined tbsp (13.6 g); 1 undetermined cup (218 g); 1 undetermined tsp (4.5 g),,"Manually selected from the downloaded description. Pending user review; tags are curation proposals, not an allergen classifier."
Sesame oil,fat,proposed,sr_legacy,171016,"Oil, sesame, salad or cooking",other,sesame,884.00,0.00,0.00,100.00,0.00,1 undetermined tablespoon (13.6 g); 1 undetermined cup (218 g); 1 undetermined tsp (4.5 g),2.00,"Pending user review; tags are curation proposals, not an allergen classifier."
Avocado oil,fat,proposed,sr_legacy,173573,"Oil, avocado",other,,884.00,0.00,0.00,100.00,0.00,1 undetermined tbsp (14 g); 1 undetermined cup (218 g); 1 undetermined tsp (4.5 g),2.00,"Pending user review; tags are curation proposals, not an allergen classifier."
"Butter, salted",fat,proposed,sr_legacy,173410,"Butter, salted",other,dairy,717.00,0.85,0.06,81.11,0.00,"1 undetermined pat (1"" sq, 1/3"" high) (5 g); 1 undetermined tbsp (14.2 g); 1 undetermined cup (227 g); 1 undetermined stick (113 g)",4.00,"Pending user review; tags are curation proposals, not an allergen classifier."
"Butter, unsalted",fat,skip,,,,,,,,,,,,,No candidate match has all required energy and macro nutrients.
"Avocado, raw",fat,proposed,foundation,2710824,"Avocado, Hass, peeled, raw",raw,,223.33,1.81,8.32,20.31,,,5.01,"Pending user review; tags are curation proposals, not an allergen classifier."
"Almonds, raw",fat,proposed,foundation,2346393,"Nuts, almonds, whole, raw",raw,tree_nuts,625.75,21.45,20.03,51.09,10.78,,3.01,"Pending user review; tags are curation proposals, not an allergen classifier."
"Almonds, dry-roasted",fat,proposed,foundation,323294,"Nuts, almonds, dry roasted, with salt added",cooked,tree_nuts,620.00,20.40,16.20,57.80,11.00,1.0 cup whole (135 g),5.01,"Pending user review; tags are curation proposals, not an allergen classifier."
"Cashews, raw",fat,proposed,foundation,2515374,"Nuts, cashew nuts, raw",raw,tree_nuts,564.66,17.44,36.29,38.86,4.10,,3.01,"Pending user review; tags are curation proposals, not an allergen classifier."
"Cashews, dry-roasted",fat,proposed,sr_legacy,169421,"Nuts, cashew nuts, dry roasted, with salt added",cooked,tree_nuts,574.00,15.31,32.69,46.35,3.00,"1 undetermined cup, halves and whole (137 g); 1 undetermined oz (28.35 g)",5.00,"Pending user review; tags are curation proposals, not an allergen classifier."
"Walnuts, raw",fat,proposed,foundation,2346394,"Nuts, walnuts, English, halves, raw",raw,tree_nuts,729.56,14.56,10.91,69.74,5.21,,3.01,"Pending user review; tags are curation proposals, not an allergen classifier."
"Pecans, raw",fat,proposed,foundation,2346395,"Nuts, pecans, halves, raw",raw,tree_nuts,750.15,9.96,12.70,73.28,5.79,,3.01,"Pending user review; tags are curation proposals, not an allergen classifier."
"Pistachios, raw",fat,proposed,foundation,2515379,"Nuts, pistachio nuts, raw",raw,tree_nuts,597.98,20.51,27.69,45.02,6.97,,3.01,"Pending user review; tags are curation proposals, not an allergen classifier."
"Peanuts, raw",fat,proposed,foundation,2515376,"Peanuts, raw",raw,peanuts,588.33,23.20,26.50,43.28,8.01,,5.01,"Pending user review; tags are curation proposals, not an allergen classifier."
"Peanut butter, smooth",fat,proposed,sr_legacy,172458,"Peanut butter, smooth, reduced fat",other,dairy|peanuts,520.00,25.90,35.65,34.00,5.20,2 undetermined tablespoon (36 g),5.00,"Pending user review; tags are curation proposals, not an allergen classifier."
Tahini,fat,proposed,sr_legacy,168604,"Seeds, sesame butter, tahini, type of kernels unspecified",other,dairy|sesame,592.00,17.40,21.50,53.01,4.70,1 undetermined tbsp (15 g),1.00,"Pending user review; tags are curation proposals, not an allergen classifier."
"Chia seeds, dried",fat,proposed,sr_legacy,170554,"Seeds, chia seeds, dried",other,,486.00,16.54,42.12,30.74,34.40,1 undetermined oz (28.35 g),3.00,"Pending user review; tags are curation proposals, not an allergen classifier."
"Flaxseed, ground",fat,proposed,foundation,2262075,"Flaxseed, ground",other,,545.08,18.04,34.36,37.28,23.13,,4.01,"Pending user review; tags are curation proposals, not an allergen classifier."
"Sunflower seed kernels, dried",fat,proposed,sr_legacy,170562,"Seeds, sunflower seed kernels, dried",other,,584.00,20.78,20.00,51.46,8.60,"1 undetermined cup, with hulls, edible yield (46 g); 1 undetermined cup (140 g)",4.00,"Pending user review; tags are curation proposals, not an allergen classifier."
"Pumpkin seed kernels, dried",fat,skip,,,,,,,,,,,,,No sufficiently specific match found in the permitted releases.
"Sesame seeds, dried",fat,proposed,sr_legacy,169412,"Seeds, sesame seed kernels, dried (decorticated)",other,sesame,631.00,20.45,11.73,61.21,11.60,1 undetermined cup (150 g); 1 undetermined tbsp (8 g); 1 undetermined tsp (2.7 g),3.00,"Pending user review; tags are curation proposals, not an allergen classifier."
"Coconut, dried, unsweetened",fat,skip,,,,,,,,,,,,,No sufficiently specific match found in the permitted releases.
"Coconut milk, canned",fat,proposed,sr_legacy,170173,"Nuts, coconut milk, canned (liquid expressed from grated meat and water)",other,,197.00,2.02,2.81,21.33,,1 undetermined cup (226 g); 1 undetermined tbsp (15 g),,"Manually selected from the downloaded description. Pending user review; tags are curation proposals, not an allergen classifier."
Mayonnaise,fat,proposed,sr_legacy,167695,"Mayonnaise, made with tofu",other,soy,322.00,5.95,3.06,31.79,1.10,1 undetermined tbsp (15 g); 1 undetermined cup (240 g),3.00,"Pending user review; tags are curation proposals, not an allergen classifier."
"Sour cream, regular",fat,proposed,foundation,2346387,"Cream, sour, full fat",other,dairy,196.41,3.07,5.56,17.99,,,,"Manually selected from the downloaded description. Pending user review; tags are curation proposals, not an allergen classifier."
"Cream cheese, regular",fat,proposed,foundation,2346385,"Cream cheese, full fat, block",other,dairy,342.79,5.79,4.56,33.49,,,4.01,"Pending user review; tags are curation proposals, not an allergen classifier."
"Dark chocolate, 70–85% cacao",fat,proposed,sr_legacy,170273,"Chocolate, dark, 70-85% cacao solids",other,,598.00,7.79,45.90,42.63,10.90,1 undetermined oz (28.35 g); 1 undetermined bar (101 g),5.00,"Pending user review; tags are curation proposals, not an allergen classifier."
"Olives, ripe, canned",fat,proposed,sr_legacy,169094,"Olives, ripe, canned (small-extra large)",other,,116.00,0.84,6.04,10.90,1.60,1 undetermined tbsp (8.4 g); 1 undetermined large (4.4 g); 1 undetermined small (3.2 g),4.00,"Pending user review; tags are curation proposals, not an allergen classifier."
"Broccoli, raw",vegetable,proposed,foundation,747447,"Broccoli, raw",raw,,31.00,2.57,6.27,0.34,2.40,1.0 cup chopped (76 g),5.01,"Pending user review; tags are curation proposals, not an allergen classifier."
"Broccoli, cooked",vegetable,proposed,sr_legacy,168510,"Broccoli, cooked, boiled, drained, with salt",cooked,,35.00,2.38,7.18,0.41,3.30,"0.5 undetermined cup, chopped (78 g); 1 undetermined stalk, large (11""-12"" long) (280 g); 1 undetermined stalk, medium (7-1/2"" - 8"" long) (180 g); 1 undetermined stalk, small (5"" long) (140 g); 1 undetermined spear (about 5"" long) (37 g)",3.50,"Pending user review; tags are curation proposals, not an allergen classifier."
"Cauliflower, raw",vegetable,proposed,foundation,2685573,"Cauliflower, raw",raw,,27.59,1.64,4.72,0.24,1.95,,5.01,"Pending user review; tags are curation proposals, not an allergen classifier."
"Cauliflower, cooked",vegetable,proposed,sr_legacy,168520,"Cauliflower, cooked, boiled, drained, with salt",cooked,,23.00,1.84,4.11,0.45,2.30,"0.5 undetermined cup (1"" pieces) (62 g); 3 undetermined flowerets (54 g)",3.50,"Pending user review; tags are curation proposals, not an allergen classifier."
"Spinach, raw",vegetable,proposed,sr_legacy,168462,"Spinach, raw",raw,,23.00,2.86,3.63,0.39,2.20,1 undetermined cup (30 g); 1 undetermined bunch (340 g); 1 undetermined leaf (10 g); 1 undetermined package (10 oz) (284 g),5.00,"Pending user review; tags are curation proposals, not an allergen classifier."
"Spinach, cooked",vegetable,proposed,sr_legacy,168463,"Spinach, cooked, boiled, drained, without salt",cooked,,23.00,2.97,3.75,0.26,2.40,1 undetermined cup (180 g),3.50,"Pending user review; tags are curation proposals, not an allergen classifier."
"Kale, raw",vegetable,proposed,foundation,323505,"Kale, raw",raw,,35.00,2.92,4.42,1.49,4.10,"1.0 cup pieces of ~1"" (20.6 g)",5.01,"Pending user review; tags are curation proposals, not an allergen classifier."
"Kale, cooked",vegetable,proposed,foundation,326196,"Kale, frozen, cooked, boiled, drained, without salt",cooked,,36.00,2.94,5.30,1.21,,1.0 cup cooked (118 g),3.51,"Pending user review; tags are curation proposals, not an allergen classifier."
"Romaine lettuce, raw",vegetable,proposed,foundation,746769,"Lettuce, cos or romaine, raw",raw,,17.00,1.24,3.24,0.26,1.80,1.0 bunch (581 g),4.01,"Pending user review; tags are curation proposals, not an allergen classifier."
"Iceberg lettuce, raw",vegetable,proposed,foundation,2346388,"Lettuce, iceberg, raw",raw,,17.11,0.74,3.37,0.07,,,4.01,"Pending user review; tags are curation proposals, not an allergen classifier."
"Tomato, red, raw",vegetable,proposed,sr_legacy,170457,"Tomatoes, red, ripe, raw, year round average",raw,,18.00,0.88,3.89,0.20,1.20,"1 undetermined cup cherry tomatoes (149 g); 1 undetermined cup, chopped or sliced (180 g); 1 undetermined Italian tomato (62 g); 1 undetermined cherry (17 g); 1 undetermined large whole (3"" dia) (182 g)",,"Manually selected from the downloaded description. Pending user review; tags are curation proposals, not an allergen classifier."
"Tomato, red, cooked",vegetable,proposed,sr_legacy,170050,"Tomatoes, red, ripe, cooked",cooked,,18.00,0.95,4.01,0.11,0.70,1 undetermined cup (240 g); 2 undetermined medium (246 g),,"Manually selected from the downloaded description. Pending user review; tags are curation proposals, not an allergen classifier."
"Cucumber, raw",vegetable,proposed,sr_legacy,169225,"Cucumber, peeled, raw",raw,,10.00,0.59,2.16,0.16,0.70,"1 undetermined cup, pared, chopped (133 g); 1 undetermined cup, sliced (119 g); 1 undetermined large (8-1/4"" long) (280 g); 1 undetermined medium (201 g); 1 undetermined slice (7 g)",5.00,"Pending user review; tags are curation proposals, not an allergen classifier."
"Bell pepper, red, raw",vegetable,proposed,foundation,2258590,"Peppers, bell, red, raw",raw,,31.33,0.90,6.65,0.13,1.16,,5.01,"Pending user review; tags are curation proposals, not an allergen classifier."
"Bell pepper, green, raw",vegetable,proposed,foundation,2258588,"Peppers, bell, green, raw",raw,,22.93,0.71,4.78,0.11,0.94,,5.01,"Pending user review; tags are curation proposals, not an allergen classifier."
"Carrot, raw",vegetable,proposed,foundation,2258586,"Carrots, mature, raw",raw,,47.99,0.94,10.27,0.35,3.10,,3.01,"Pending user review; tags are curation proposals, not an allergen classifier."
"Carrot, cooked",vegetable,proposed,sr_legacy,168519,"Carrots, frozen, cooked, boiled, drained, with salt",cooked,,37.00,0.58,7.73,0.68,3.30,1 undetermined cup slices (146 g),1.50,"Pending user review; tags are curation proposals, not an allergen classifier."
"Green beans, raw",vegetable,proposed,foundation,2346400,"Beans, snap, green, raw",raw,,40.00,1.97,7.41,0.28,3.01,,4.01,"Pending user review; tags are curation proposals, not an allergen classifier."
"Green beans, cooked",vegetable,proposed,sr_legacy,169141,"Beans, snap, green, cooked, boiled, drained, without salt",cooked,,35.00,1.89,7.88,0.28,3.20,1 undetermined cup (125 g),2.50,"Pending user review; tags are curation proposals, not an allergen classifier."
"Zucchini, raw",vegetable,proposed,sr_legacy,169291,"Squash, summer, zucchini, includes skin, raw",raw,,17.00,1.21,3.11,0.32,1.00,"1 undetermined cup, chopped (124 g); 1 undetermined cup, sliced (113 g); 1 undetermined large (323 g); 1 undetermined medium (196 g); 1 undetermined slice (9.9 g)",,"Manually selected from the downloaded description. Pending user review; tags are curation proposals, not an allergen classifier."
"Zucchini, cooked",vegetable,proposed,sr_legacy,169292,"Squash, summer, zucchini, includes skin, cooked, boiled, drained, without salt",cooked,,15.00,1.14,2.69,0.36,1.00,"1 undetermined cup, sliced (180 g); 0.5 undetermined cup, mashed (120 g)",,"Manually selected from the downloaded description. Pending user review; tags are curation proposals, not an allergen classifier."
"Mushroom, white, raw",vegetable,proposed,sr_legacy,169376,"Mushroom, white, exposed to ultraviolet light, raw",raw,,22.00,3.09,3.26,0.34,1.00,1 undetermined cup pieces or slices (70 g); 1 undetermined cup whole (96 g); 1 undetermined large (23 g); 1 undetermined slice (6 g); 1 undetermined medium (18 g),6.00,"Pending user review; tags are curation proposals, not an allergen classifier."
"Mushroom, white, cooked",vegetable,proposed,sr_legacy,169252,"Mushrooms, white, cooked, boiled, drained, without salt",cooked,,28.00,2.17,5.29,0.47,2.20,1 undetermined cup pieces (156 g); 1 undetermined tbsp (9.8 g); 1 undetermined mushroom (12 g),,"Manually selected from the downloaded description. Pending user review; tags are curation proposals, not an allergen classifier."
"Onion, raw",vegetable,proposed,foundation,790577,"Onions, red, raw",raw,,44.00,0.94,9.93,0.10,2.20,1.0 Onion Edible (197 g),3.01,"Pending user review; tags are curation proposals, not an allergen classifier."
"Onion, cooked",vegetable,proposed,sr_legacy,170001,"Onions, cooked, boiled, drained, without salt",cooked,,44.00,1.36,10.15,0.19,1.40,"1 undetermined cup (210 g); 1 undetermined tbsp chopped (15 g); 1 undetermined large (128 g); 1 undetermined slice, large (1/4"" thick) (32 g); 1 undetermined medium (94 g)",1.50,"Pending user review; tags are curation proposals, not an allergen classifier."
"Cabbage, raw",vegetable,proposed,foundation,2346407,"Cabbage, green, raw",raw,,31.43,0.96,6.38,0.23,,,5.01,"Pending user review; tags are curation proposals, not an allergen classifier."
"Brussels sprouts, raw",vegetable,proposed,foundation,2685575,"Brussels sprouts, raw",raw,,59.48,3.98,9.62,0.56,4.79,,6.01,"Pending user review; tags are curation proposals, not an allergen classifier."
"Brussels sprouts, cooked",vegetable,proposed,sr_legacy,168513,"Brussels sprouts, cooked, boiled, drained, with salt",cooked,,36.00,2.55,7.10,0.50,2.60,1 undetermined sprout (21 g); 0.5 undetermined cup (78 g),4.50,"Pending user review; tags are curation proposals, not an allergen classifier."
"Asparagus, raw",vegetable,proposed,foundation,2710823,"Asparagus, green, raw",raw,,28.10,1.44,5.10,0.22,1.88,,5.01,"Pending user review; tags are curation proposals, not an allergen classifier."
"Asparagus, cooked",vegetable,proposed,sr_legacy,168390,"Asparagus, cooked, boiled, drained",cooked,,22.00,2.40,4.11,0.22,2.00,"0.5 undetermined cup (90 g); 4 undetermined spears (1/2"" base) (60 g)",3.50,"Pending user review; tags are curation proposals, not an allergen classifier."
"Apple, with skin, raw",fruit,proposed,foundation,1750339,"Apples, red delicious, with skin, raw",raw,,61.79,0.19,14.78,0.21,2.04,,3.01,"Pending user review; tags are curation proposals, not an allergen classifier."
"Banana, raw",fruit,proposed,foundation,1105073,"Bananas, overripe, raw",raw,,85.00,0.73,20.10,0.22,1.70,1.0 Banana Peeled (110 g),3.01,"Pending user review; tags are curation proposals, not an allergen classifier."
"Orange, raw",fruit,proposed,sr_legacy,169097,"Oranges, raw, all commercial varieties",raw,,47.00,0.94,11.75,0.12,2.40,"1 undetermined cup, sections (180 g); 1 undetermined large (3-1/16"" dia) (184 g); 1 undetermined small (2-3/8"" dia) (96 g); 1 undetermined fruit (2-5/8"" dia) (131 g)",,"Manually selected from the downloaded description. Pending user review; tags are curation proposals, not an allergen classifier."
"Grapefruit, raw",fruit,proposed,sr_legacy,173033,"Grapefruit, raw, pink and red and white, all areas",raw,,32.00,0.63,8.08,0.10,1.10,"1 undetermined cup sections, with juice (230 g); 0.5 undetermined large (approx 4-1/2"" dia) (166 g); 0.5 undetermined medium (approx 4"" dia) (128 g); 0.5 undetermined small (approx 3-1/2"" dia) (100 g)",5.00,"Pending user review; tags are curation proposals, not an allergen classifier."
"Strawberries, raw",fruit,proposed,foundation,2346409,"Strawberries, raw",raw,,36.40,0.64,7.96,0.22,,,5.01,"Pending user review; tags are curation proposals, not an allergen classifier."
"Blueberries, raw",fruit,proposed,foundation,2346411,"Blueberries, raw",raw,,63.86,0.70,14.57,0.31,,,5.01,"Pending user review; tags are curation proposals, not an allergen classifier."
"Raspberries, raw",fruit,proposed,foundation,2346410,"Raspberries, raw",raw,,57.34,1.01,12.90,0.19,,,5.01,"Pending user review; tags are curation proposals, not an allergen classifier."
"Blackberries, raw",fruit,proposed,sr_legacy,168982,"Blackberries, wild, raw (Alaska Native)",raw,,52.00,0.84,9.84,1.07,3.20,1 undetermined cup (157 g),5.00,"Pending user review; tags are curation proposals, not an allergen classifier."
"Grapes, red, raw",fruit,proposed,foundation,2346412,"Grapes, red, seedless, raw",raw,,85.92,0.91,20.20,0.16,,,6.01,"Pending user review; tags are curation proposals, not an allergen classifier."
"Grapes, green, raw",fruit,proposed,foundation,2346413,"Grapes, green, seedless, raw",raw,,80.10,0.90,18.60,0.23,,,6.01,"Pending user review; tags are curation proposals, not an allergen classifier."
"Pear, raw",fruit,proposed,foundation,2710836,"Pear, Anjou, green, with skin, raw",raw,,63.66,0.31,14.77,0.37,2.64,,5.01,"Pending user review; tags are curation proposals, not an allergen classifier."
"Peach, raw",fruit,proposed,sr_legacy,169928,"Peaches, yellow, raw",raw,,39.00,0.91,9.54,0.25,1.50,"1 undetermined cup slices (154 g); 1 undetermined small (2-1/2"" dia) (130 g); 1 undetermined medium (2-2/3"" dia) (150 g); 1 undetermined large (2-3/4"" dia) (175 g); 1 undetermined extra large (3"" dia) (224 g)",,"Manually selected from the downloaded description. Pending user review; tags are curation proposals, not an allergen classifier."
"Plum, raw",fruit,proposed,foundation,2710837,"Plum, black, with skin, raw",raw,,58.68,0.58,13.46,0.28,1.35,,5.01,"Pending user review; tags are curation proposals, not an allergen classifier."
"Mango, raw",fruit,proposed,foundation,2710833,"Mango, Tommy Atkins, peeled, raw",raw,,68.46,0.56,15.27,0.57,1.75,,5.01,"Pending user review; tags are curation proposals, not an allergen classifier."
"Pineapple, raw",fruit,proposed,foundation,2346398,"Pineapple, raw",raw,,60.11,0.46,14.09,0.21,0.93,,5.01,"Pending user review; tags are curation proposals, not an allergen classifier."
"Watermelon, raw",fruit,proposed,sr_legacy,167765,"Watermelon, raw",raw,,30.00,0.61,7.55,0.15,0.40,"1 undetermined cup, balls (154 g); 1 undetermined cup, diced (152 g); 1 undetermined melon (15"" long x 7-1/2"" dia) (4518 g); 1 undetermined wedge (approx 1/16 of melon) (286 g); 10 undetermined watermelon balls (122 g)",,"Manually selected from the downloaded description. Pending user review; tags are curation proposals, not an allergen classifier."
"Cantaloupe, raw",fruit,proposed,foundation,746770,"Melons, cantaloupe, raw",raw,,34.00,0.82,8.16,0.18,0.80,"1.0 cup cubes (160 g); 1.0 cup diced (156 g); 1.0 each large (about 6-1/2"" dia) (814 g); 1.0 wedge large (1/8 of large melon) (102 g); 1.0 each medium (about 5"" dia) (552 g)",3.01,"Pending user review; tags are curation proposals, not an allergen classifier."
"Kiwi, raw",fruit,skip,,,,,,,,,,,,,No sufficiently specific match found in the permitted releases.
"Cherries, sweet, raw",fruit,proposed,foundation,2346399,"Cherries, sweet, dark red, raw",raw,,70.54,1.04,16.16,0.19,,,6.01,"Pending user review; tags are curation proposals, not an allergen classifier."
"Pomegranate arils, raw",fruit,proposed,sr_legacy,169134,"Pomegranates, raw",raw,,83.00,1.67,18.70,1.17,4.00,"0.5 undetermined cup arils (seed/juice sacs) (87 g); 1 undetermined pomegranate (4"" dia) (282 g)",,"Manually selected from the downloaded description. Pending user review; tags are curation proposals, not an allergen classifier."
"Papaya, raw",fruit,proposed,sr_legacy,169926,"Papayas, raw",raw,,43.00,0.47,10.82,0.26,1.70,"1 undetermined cup 1"" pieces (145 g); 1 undetermined cup, mashed (230 g); 1 undetermined fruit, small (157 g); 1 undetermined fruit, large (781 g)",3.00,"Pending user review; tags are curation proposals, not an allergen classifier."
"Guava, raw",fruit,proposed,sr_legacy,173044,"Guavas, common, raw",raw,,68.00,2.55,14.32,0.95,5.40,"1 undetermined cup (165 g); 1 undetermined fruit, without refuse (55 g)",3.00,"Pending user review; tags are curation proposals, not an allergen classifier."
"Lemon, raw",fruit,proposed,sr_legacy,167746,"Lemons, raw, without peel",raw,,29.00,1.10,9.32,0.30,2.80,"1 undetermined cup, sections (212 g); 1 undetermined fruit (2-1/8"" dia) (58 g); 1 undetermined fruit (2-3/8"" dia) (84 g); 1 undetermined wedge or slice (1/8 of one 2-1/8"" dia lemon) (7 g); 1 undetermined NLEA serving (58 g)",,"Manually selected from the downloaded description. Pending user review; tags are curation proposals, not an allergen classifier."
"Lime, raw",fruit,proposed,sr_legacy,168155,"Limes, raw",raw,,30.00,0.70,10.54,0.20,2.80,"1 undetermined fruit (2"" dia) (67 g); 1 undetermined NLEA serving (67 g)",3.00,"Pending user review; tags are curation proposals, not an allergen classifier."
"Jackfruit, raw",fruit,proposed,sr_legacy,174687,"Jackfruit, raw",raw,,95.00,1.72,23.25,0.64,1.50,"1 undetermined cup, sliced (165 g); 1 undetermined cup 1"" pieces (151 g)",5.00,"Pending user review; tags are curation proposals, not an allergen classifier."
"Dates, dried",fruit,proposed,sr_legacy,168191,"Dates, medjool",other,,277.00,1.81,74.97,0.15,6.70,"1 undetermined date, pitted (24 g)",,"Manually selected from the downloaded description. Pending user review; tags are curation proposals, not an allergen classifier."
"Raisins, seedless",fruit,proposed,sr_legacy,168164,"Raisins, golden, seedless",other,,301.00,3.28,80.02,0.20,3.30,"1 undetermined cup, packed (165 g); 1 undetermined cup (not packed) (145 g)",4.00,"Pending user review; tags are curation proposals, not an allergen classifier."
"Cranberries, raw",fruit,proposed,sr_legacy,169804,"Cranberries, wild, bush, raw (Alaska Native)",raw,,55.00,1.10,12.30,0.20,6.70,,5.00,"Pending user review; tags are curation proposals, not an allergen classifier."
"Apricots, dried",fruit,proposed,sr_legacy,173941,"Apricots, dried, sulfured, uncooked",other,,241.00,3.39,62.64,0.51,7.30,"1 undetermined cup, halves (130 g); 1 undetermined half (3.5 g)",4.00,"Pending user review; tags are curation proposals, not an allergen classifier."
"Figs, raw",fruit,proposed,sr_legacy,173021,"Figs, raw",raw,,74.00,0.75,19.18,0.30,2.90,"1 undetermined large (2-1/2"" dia) (64 g); 1 undetermined medium (2-1/4"" dia) (50 g); 1 undetermined small (1-1/2"" dia) (40 g)",5.00,"Pending user review; tags are curation proposals, not an allergen classifier."
"Water, tap",other,proposed,sr_legacy,173647,"Beverages, water, tap, drinking",other,,0.00,0.00,0.00,0.00,0.00,1 undetermined fl oz (29.6 g); 1 undetermined serving 8 fl oz (237 g); 1 undetermined liter (1000 g),1.00,"Pending user review; tags are curation proposals, not an allergen classifier."
"Coffee, brewed",other,proposed,sr_legacy,171881,"Beverages, coffee, brewed, breakfast blend",other,,2.00,0.30,0.17,0.00,0.00,1 undetermined cup (248 g),2.00,"Pending user review; tags are curation proposals, not an allergen classifier."
"Tea, brewed",other,proposed,sr_legacy,169828,"Tea, herbal, brewed, Hohoysi (Hopi)",other,,2.00,0.12,0.00,0.20,,,4.00,"Pending user review; tags are curation proposals, not an allergen classifier."
"Green tea, brewed",other,proposed,sr_legacy,171910,"Beverages, tea, green, brewed, decaffeinated",other,,0.00,0.00,0.00,0.00,0.00,240 undetermined ml (240 g),3.00,"Pending user review; tags are curation proposals, not an allergen classifier."
"Cocoa powder, unsweetened",other,proposed,sr_legacy,168774,"Cocoa, dry powder, unsweetened, HERSHEY'S European Style Cocoa",other,,410.00,20.00,60.00,10.00,20.00,1 undetermined tbsp (5 g),5.00,"Pending user review; tags are curation proposals, not an allergen classifier."
Chicken broth,other,proposed,sr_legacy,174536,"Soup, chicken broth, ready-to-serve",other,meat,6.00,0.64,0.44,0.21,0.00,1 undetermined cup (249 g),,"Manually selected from the downloaded description. Pending user review; tags are curation proposals, not an allergen classifier."
Beef broth,other,proposed,sr_legacy,171538,"Soup, beef broth or bouillon canned, ready-to-serve",other,meat,7.00,1.14,0.04,0.22,0.00,1 undetermined cup (240 g); 1 undetermined can 14.5 oz (435 g); 1 undetermined container 32 oz (960 g),,"Manually selected from the downloaded description. Pending user review; tags are curation proposals, not an allergen classifier."
Vegetable broth,other,proposed,sr_legacy,171583,"Soup, vegetable broth, ready to serve",other,,5.00,0.24,0.93,0.07,0.00,1 undetermined cup (221 g); 1 undetermined can (390 g); 1 undetermined carton (32 oz) (926 g),,"Manually selected from the downloaded description. Pending user review; tags are curation proposals, not an allergen classifier."
Soy sauce,other,proposed,sr_legacy,172473,"Soy sauce made from soy and wheat (shoyu), low sodium",other,soy,57.00,9.05,5.59,0.30,0.70,1 undetermined tbsp (14.2 g); 1 undetermined tsp (4.5 g); 1 undetermined cup (255 g),4.00,"Pending user review; tags are curation proposals, not an allergen classifier."
Tamari,other,proposed,sr_legacy,174278,Soy sauce made from soy (tamari),other,soy,60.00,10.51,5.57,0.10,0.80,1 undetermined tbsp (18 g); 1 undetermined tsp (6 g),,"Manually selected from the downloaded description. Pending user review; tags are curation proposals, not an allergen classifier."
"Vinegar, apple cider",other,proposed,sr_legacy,173469,"Vinegar, cider",other,,21.00,0.00,0.93,0.00,0.00,1 undetermined tbsp (14.9 g); 1 undetermined cup (239 g); 1 undetermined tsp (5 g),,"Manually selected from the downloaded description. Pending user review; tags are curation proposals, not an allergen classifier."
"Vinegar, balsamic",other,proposed,sr_legacy,172241,"Vinegar, balsamic",other,,88.00,0.49,17.03,0.00,,1 undetermined tbsp (16 g); 1 undetermined cup (255 g); 1 undetermined tsp (5.3 g),4.00,"Pending user review; tags are curation proposals, not an allergen classifier."
"Mustard, yellow",other,proposed,foundation,326698,"Mustard, prepared, yellow",other,,61.00,4.25,5.30,3.38,4.30,1.0 teaspoon (6 g); 1.0 cup (249 g),4.01,"Pending user review; tags are curation proposals, not an allergen classifier."
Ketchup,other,proposed,foundation,747693,"Ketchup, restaurant",other,,117.00,1.11,26.80,0.55,,,3.01,"Pending user review; tags are curation proposals, not an allergen classifier."
"Salsa, prepared",other,proposed,sr_legacy,174524,"Sauce, salsa, ready-to-serve",other,,29.00,1.52,6.64,0.17,1.90,2 undetermined tbsp (36 g); 0.5 undetermined cup (130 g); 1 undetermined cup (259 g),,"Manually selected from the downloaded description. Pending user review; tags are curation proposals, not an allergen classifier."
"Tomato paste, canned",other,proposed,foundation,2685580,"Tomato, paste, canned, without salt added",other,,104.28,4.23,20.19,0.73,4.70,,4.01,"Pending user review; tags are curation proposals, not an allergen classifier."
"Tomato sauce, canned",other,proposed,foundation,2685579,"Tomato, sauce, canned, with salt added",other,,34.18,1.35,6.33,0.38,1.64,,4.01,"Pending user review; tags are curation proposals, not an allergen classifier."
"Pickles, cucumber",other,proposed,foundation,324653,"Pickles, cucumber, dill or kosher dill",other,,12.00,0.48,1.99,0.43,1.00,1.0 spear (40.4 g),4.01,"Pending user review; tags are curation proposals, not an allergen classifier."
Sauerkraut,other,proposed,sr_legacy,169279,"Sauerkraut, canned, solids and liquids",other,,19.00,0.91,4.28,0.14,2.90,"1 undetermined cup (142 g); 1 undetermined cup, undrained (236 g)",3.00,"Pending user review; tags are curation proposals, not an allergen classifier."
Kimchi,other,proposed,sr_legacy,170392,"Cabbage, kimchi",other,,15.00,1.10,2.40,0.50,1.60,1 undetermined cup (150 g),,"Manually selected from the downloaded description. Pending user review; tags are curation proposals, not an allergen classifier."
"Garlic, raw",other,proposed,foundation,1104647,"Garlic, raw",raw,,143.00,6.62,28.20,0.38,2.70,,5.01,"Pending user review; tags are curation proposals, not an allergen classifier."
"Ginger root, raw",other,proposed,sr_legacy,169231,"Ginger root, raw",raw,,80.00,1.82,17.77,0.75,2.00,"1 undetermined tsp (2 g); 0.25 undetermined cup slices (1"" dia) (24 g); 5 undetermined slices (1"" dia) (11 g)",6.00,"Pending user review; tags are curation proposals, not an allergen classifier."
"Basil, fresh",other,proposed,sr_legacy,172232,"Basil, fresh",other,,23.00,3.15,2.65,0.64,1.60,"5 undetermined leaves (2.5 g); 2 undetermined tbsp, chopped (5.3 g); 0.25 undetermined cup leaves, whole (6 g)",3.00,"Pending user review; tags are curation proposals, not an allergen classifier."
"Cilantro, raw",other,proposed,sr_legacy,169997,"Coriander (cilantro) leaves, raw",raw,,23.00,2.13,3.67,0.52,2.80,0.25 undetermined cup (4 g); 9 undetermined sprigs (20 g),,"Manually selected from the downloaded description. Pending user review; tags are curation proposals, not an allergen classifier."
"Parsley, fresh",other,proposed,sr_legacy,170416,"Parsley, fresh",other,,36.00,2.97,6.33,0.79,3.30,1 undetermined cup chopped (60 g); 1 undetermined tbsp (3.8 g); 10 undetermined sprigs (10 g),3.00,"Pending user review; tags are curation proposals, not an allergen classifier."
Black pepper,other,proposed,sr_legacy,170931,"Spices, pepper, black",other,,251.00,10.39,63.95,3.26,25.30,"1 undetermined tsp, ground (2.3 g); 1 undetermined tbsp, ground (6.9 g); 1 undetermined tsp, whole (2.9 g); 1 undetermined dash (0.1 g)",2.00,"Pending user review; tags are curation proposals, not an allergen classifier."
"Cinnamon, ground",other,proposed,sr_legacy,171320,"Spices, cinnamon, ground",other,,247.00,3.99,80.59,1.24,53.10,1 undetermined tsp (2.6 g); 1 undetermined tbsp (7.8 g),2.00,"Pending user review; tags are curation proposals, not an allergen classifier."
Chili powder,other,proposed,sr_legacy,171319,"Spices, chili powder",other,,282.00,13.46,49.70,14.28,34.80,1 undetermined tsp (2.7 g); 1 undetermined tbsp (8 g),2.00,"Pending user review; tags are curation proposals, not an allergen classifier."
Nutritional yeast,other,skip,,,,,,,,,,,,,No sufficiently specific match found in the permitted releases.
Honey,other,proposed,sr_legacy,169640,Honey,other,,304.00,0.30,82.40,0.00,0.20,1 undetermined cup (339 g); 1 undetermined tbsp (21 g); 1 undetermined packet (0.5 oz) (14 g),3.00,"Pending user review; tags are curation proposals, not an allergen classifier."
