fdc_id,name,role,preparation_state,proposed_portion_class,portion_unit_g,unit_source,review_note
174693,"Beef top sirloin, grilled",protein,cooked,meat_fish_cooked,,,
2727574,"Beef top sirloin, raw",protein,raw,meat_fish_raw,,,
2646170,"Chicken breast, raw",protein,raw,meat_fish_raw,,,
171477,"Chicken breast, roasted",protein,cooked,meat_fish_cooked,,,
2646171,"Chicken thigh, raw",protein,raw,meat_fish_raw,,,
172388,"Chicken thigh, roasted",protein,cooked,meat_fish_cooked,,,
171956,"Cod, baked",protein,cooked,meat_fish_cooked,,,
2684444,"Cod, raw",protein,raw,meat_fish_raw,,,
172182,"Cottage cheese, low-fat",protein,other,dairy_protein,,,
172183,"Egg white, raw",protein,raw,egg_white,33,1 large (33 g),
173424,"Egg, whole, hard-boiled",protein,cooked,egg,50,1 large (50 g),
171287,"Egg, whole, raw",protein,raw,egg,50,1 large (50 g),
330137,"Greek yogurt, plain, nonfat",protein,other,dairy_protein,,,
171793,"Ground beef, 90% lean, cooked",protein,cooked,meat_fish_cooked,,,
2514743,"Ground beef, 90% lean, raw",protein,raw,meat_fish_raw,,,
171506,"Ground turkey, cooked",protein,cooked,meat_fish_cooked,,,
172421,"Lentils, cooked",protein,cooked,plant_protein,,,
167827,"Pork loin chop, cooked",protein,cooked,meat_fish_cooked,,,
168238,"Pork loin chop, raw",protein,raw,meat_fish_raw,,,
2646169,"Pork tenderloin, raw",protein,raw,meat_fish_raw,,,
167905,"Pork tenderloin, roasted",protein,cooked,meat_fish_cooked,,,
175168,"Salmon, Atlantic, cooked",protein,cooked,meat_fish_cooked,,,
2684441,"Salmon, Atlantic, raw",protein,raw,meat_fish_raw,,,
171971,"Shrimp, cooked",protein,cooked,meat_fish_cooked,,,
2684443,"Shrimp, raw",protein,raw,meat_fish_raw,,,
172467,Tempeh,protein,other,plant_protein,,,
172448,"Tofu, firm",protein,other,plant_protein,,,
334194,"Tuna, light, canned in water",protein,other,meat_fish_cooked,,,Canned and drained; eaten as is like cooked fish.
171098,"Turkey breast, raw",protein,raw,meat_fish_raw,,,
171496,"Turkey breast, roasted",protein,cooked,meat_fish_cooked,,,
173180,Whey protein powder,protein,other,powder,32,0.33 cup (32 g),Only catalog measure; matches a typical 25-35 g scoop.
170285,"Barley, pearled, cooked",carb,cooked,grain_cooked,,,
170284,"Barley, pearled, dry",carb,other,grain_dry,,,
173735,"Black beans, cooked",carb,cooked,starchy_veg,,,Legume; uses the starchy range (1 cup is 172 g).
167532,"Bread, white",carb,other,bread,28,1 slice (28 g),
172688,"Bread, whole-wheat",carb,other,bread,32,1 slice (32 g),
170287,"Bulgur, cooked",carb,cooked,grain_cooked,,,
2710820,"Bulgur, dry",carb,other,grain_dry,,,
168401,"Corn, sweet, cooked",carb,cooked,starchy_veg,,,
2710826,"Corn, sweet, raw",carb,raw,starchy_veg,,,
169700,"Couscous, cooked",carb,cooked,grain_cooked,,,
169699,"Couscous, dry",carb,other,grain_dry,,,
171675,"Oatmeal, cooked",carb,cooked,grain_cooked,,,
171661,"Oats, dry",carb,other,grain_dry,,,
169737,"Pasta, enriched, cooked",carb,cooked,grain_cooked,,,
169736,"Pasta, enriched, dry",carb,other,grain_dry,,,
168910,"Pasta, whole-wheat, cooked",carb,cooked,grain_cooked,,,
169738,"Pasta, whole-wheat, dry",carb,other,grain_dry,,,
174916,"Pita bread, whole-wheat",carb,other,bread,28,"1 pita, small (28 g)","Small pita as the unit, so 1-4 units covers 28-112 g."
170093,"Potato, baked",carb,cooked,starchy_veg,,,
170026,"Potato, raw",carb,raw,starchy_veg,,,
168917,"Quinoa, cooked",carb,cooked,grain_cooked,,,
168874,"Quinoa, dry",carb,other,grain_dry,,,
169704,"Rice, brown, long-grain, cooked",carb,cooked,grain_cooked,,,
169703,"Rice, brown, long-grain, dry",carb,other,grain_dry,,,
168878,"Rice, white, long-grain, cooked",carb,cooked,grain_cooked,,,
169707,"Rice, white, long-grain, dry",carb,other,grain_dry,,,
168483,"Sweet potato, baked",carb,cooked,starchy_veg,,,
2346404,"Sweet potato, raw",carb,raw,starchy_veg,,,
169829,"Tortilla, corn",carb,other,bread,57,1 piece (57 g),Check: the USDA piece is 57 g; many corn tortillas are about 26 g.
167535,"Tortilla, flour",carb,other,bread,49,1 tortilla (49 g),
323294,"Almonds, dry-roasted",fat,cooked,nut_seed,,,
2346393,"Almonds, raw",fat,raw,nut_seed,,,
173573,Avocado oil,fat,other,oil,,,
2710824,"Avocado, raw",fat,raw,avocado_olive,,,
173410,"Butter, salted",fat,other,oil,,,Same 1 tbsp limit as oils.
173430,"Butter, unsalted",fat,other,oil,,,Same 1 tbsp limit as oils.
172336,Canola oil,fat,other,oil,,,
169421,"Cashews, dry-roasted",fat,cooked,nut_seed,,,
2515374,"Cashews, raw",fat,raw,nut_seed,,,
170554,"Chia seeds, dried",fat,other,nut_seed,,,
170173,"Coconut milk, canned",fat,other,dairy_fat,,,Creamy fat used in small amounts; shares the dairy_fat range.
170170,"Coconut, dried, unsweetened",fat,other,nut_seed,,,
2346385,"Cream cheese, regular",fat,other,dairy_fat,,,
170273,"Dark chocolate, 70–85% cacao",fat,other,nut_seed,,,Small-portion fat food; shares the nut_seed range.
2262075,"Flaxseed, ground",fat,other,nut_seed,,,
167695,Mayonnaise,fat,other,oil,,,Same 1 tbsp limit as oils.
171413,Olive oil,fat,other,oil,,,
169094,"Olives, ripe, canned",fat,other,avocado_olive,,,
172458,"Peanut butter, smooth",fat,other,nut_seed,,,
2515376,"Peanuts, raw",fat,raw,nut_seed,,,
2346395,"Pecans, raw",fat,raw,nut_seed,,,
2515379,"Pistachios, raw",fat,raw,nut_seed,,,
170556,"Pumpkin seed kernels, dried",fat,other,nut_seed,,,
171016,Sesame oil,fat,other,oil,,,
169412,"Sesame seeds, dried",fat,other,nut_seed,,,
2346387,"Sour cream, regular",fat,other,dairy_fat,,,
171017,Sunflower oil,fat,other,oil,,,
170562,"Sunflower seed kernels, dried",fat,other,nut_seed,,,
168604,Tahini,fat,other,nut_seed,,,
2346394,"Walnuts, raw",fat,raw,nut_seed,,,
